,7M8N,7M8P,7M91,7E19,7L11,7N44,7L12,7E18,7VU6,7M8Z,7VTH,7M8X,7M8Y,7M8M,7VLP,7RLS,7RMB,7RM2,7KX5,6W63,8ACD,7M8O,7L14,7VLQ,7N8C,7LMD,7RN4,7RMZ
ASP 187-A,1 |Cl37|,1 |Cl37|,1 |Cl35|,1 |C20|,1 |Cl32|,1 |Cl36|,1 |Cl36|,1 |C24|,1 |C30|,1 |Cl35|,1 |C29|,1 |Cl33|,1 |Cl37|,1 |Cl32|,1 |C14|,1 |Cl23|,1 |Cl24|,1 |Cl25|,1 |C17|,1 |C21|,1 |Cl32 Cl33|,1 |CL1|,1 |Cl33|,1 |C14|,1 |Cl23|,1 |S17|,1 |Cl23|,1 |F17|
GLN 189-A,1 |C10 C16 C25|,1 |C9 C8|,-,-,1 |C23 C24 C25|,1 |C8 C7|,1 |C10 C9 C27|,"1 |C29|, 5 |N32|",1 |F28|,1 |C11 C10|,1 |F28|,-,1 |C9 C18|,-,1 |C11|,1 |Cl24 C12|,1 |Cl24 C5|,1 |C12 C6|,1 |C12 C10|,1 |C20 C8|,-,1 |C22|,1 |C10 C9|,1 |C11|,1 |Cl24 C8 C8|,-,1 |C4 C4|,1 |F18|
CYS 145-A,1 |C4 C28 C1|,1 |C3 C23 C2|,1 |C6 C18 C1|,"1 |C7 S45|, 4 |O41|","1 |C9 C1|, 4 |N31|",1 |C24 C18|,1 |C6 C19 C17|,"1 |C6 S41|, 4 |O39|","4 |O13|, 1 |Cl23 F33|",1 |C26 C25|,"1 |C4 C10 C33|, 4 |O13|","1 |C18 C24|, 4 |N29|",1 |C28 C27|,1 |C18 C12|,-,1 |C5 C7 C16|,1 |C11 C13 C14|,1 |C11 C14 C15|,1 |C38|,1 |C24 C26|,1 |C4 C21|,1 |C7 C13|,"1 |C5 C13|, 4 |N30|",-,1 |C4 C5 C15|,1 |C6|,1 |C14 C10|,1 |C2 C14 C15|
ASN 142-A,-,1 |C6|,-,-,1 |C13|,1 |C19|,1 |C16|,-,-,-,-,-,1 |C29|,1 |C19|,-,-,-,-,-,4 |O33|,-,1 |C6|,-,-,-,1 |C10|,5 |N17|,-
GLU 166-A,"1 |C4 C6|, 4 |O33|","4 |O35|, 1 |C5|","1 |C2 C6|, 4 |O31|","1 |C23 C34|, 5 |N38|, 4 |O39|","4 |O7|, 1 |C12|","4 |O31|, 1 |C20|","4 |O32|, 1 |C15|","5 |N31|, 4 |O37|","1 |C5|, 4 |O36|","4 |O7|, 1 |C26 C28|",4 |O35|,"4 |O30|, 1 |C22|","4 |O7|, 1 |C30|","1 |C20|, 4 |O28|","1 |C9 C18|, 5 |N25 N28|, 4 |O31|",5 |N18|,5 |N17|,5 |N18|,"4 |O32|, 1 |C4|","4 |O34|, 1 |C12|","4 |O15|, 5 |N27|","1 |C5|, 4 |O1|","1 |C26|, 4 |O31|","1 |C9 C18|, 5 |N25 N28|, 4 |O31|",-,"4 |O4|, 1 |C8 C12|",5 |N18|,5 |N21|
MET 165-A,1 |C11 C17 C9 C19 C23|,1 |Cl38 F28 C18 C7|,1 |C13 F26 Cl35 C10 C14 F24 C16|,1 |C20 C26|,1 |C25 C27 C23 C28|,1 |C11 C5 C6 C22|,1 |C8 C7|,1 |C28 C24|,1 |C29 C34 C27|,1 |C6 C16 C18 C3|,1 |F28 F30 C31|,1 |C4 C6 C5|,1 |C10 C20|,1 |C6 C7 C9 C10|,1 |C15 F35 F34|,1 |C1 Cl23|,1 |C3 Cl24|,1 |C3 C15 Cl25|,1 |C8 C9|,1 |C23|,1 |C12 S31 Cl32|,1 |C18 C26 C15|,1 |C24 C8 C7|,1 |C15 F34 F33|,1 |C12 Cl23|,1 |S17|,1 |C6 Cl23|,1 |C7 Cl27|
HIS 41-A,1 |Cl37|,1 |Cl37|,1 |Cl35|,1 |C17 C21|,1 |Cl32|,1 |Cl36|,1 |Cl36|,1 |C19|,"2 |DuAr DuAr|, 1 |F33|",1 |Cl35|,"2 |DuAr DuAr|, 1 |F32|",1 |Cl33|,1 |Cl37|,1 |Cl32|,1 |C14|,"1 |Cl24 C11 C12|, 2 |DuAr DuAr|","1 |Br23 C6|, 2 |DuAr DuAr|","1 |C12 C5|, 2 |DuAr DuAr|",1 |C16|,1 |C21|,"1 |Cl33 C16|, 2 |DuAr DuAr|",1 |CL1|,1 |Cl33|,1 |C14|,"1 |Cl24 C7|, 2 |DuAr DuAr|",-,"1 |Cl24 C4|, 2 |DuAr DuAr|","2 |DuAr DuAr|, 1 |F17|"
MET 49-A,1 |C21 Cl37 C18|,1 |C23 Cl37 C15 C18|,1 |Cl35 C13 C20|,1 |C18 C21 C16|,1 |C18 C22|,1 |C13 C16 C5 C27|,1 |C2 C3 C20 C7|,1 |C16 C17 C20 C22 C18|,1 |C21 C4|,1 |C5|,-,1 |C14 Cl33 C19 C17|,1 |C4 Cl37 C5|,1 |C11 C4|,1 |C14 C11|,1 |Cl25|,1 |C5 C6|,1 |Cl24|,1 |C11 C18 C35|,1 |C17 C20 C22|,1 |C23|,1 |CL1|,1 |C7|,1 |C14|,1 |C10 C7|,1 |S17 C21 C22 C23 C28|,1 |C2|,1 |F19|
PHE 140-A,-,-,-,5 |N4|,-,-,-,5 |N34|,-,-,-,-,-,-,5 |N25|,-,-,-,-,-,-,-,-,5 |N25|,-,-,-,-
LEU 167-A,1 |C11|,1 |Cl38|,1 |C15|,1 |C26|,1 |C27|,1 |C11|,1 |C23|,-,-,1 |C16|,-,1 |C4|,1 |C11|,1 |C9|,1 |F35|,-,-,-,-,-,-,-,1 |C25|,1 |F34|,-,-,-,-
GLN 192-A,1 |C11 C12|,1 |C11 Cl38|,1 |F26 F24|,1 |C26|,1 |C27|,-,-,-,-,1 |C17|,-,1 |C4|,-,1 |C9|,1 |F34|,-,-,-,-,-,-,-,1 |C24|,1 |F33|,-,-,-,-
ALA 191-A,-,-,-,1 |C31|,-,-,-,1 |C1|,-,-,-,-,-,-,-,-,-,-,-,-,-,-,-,-,-,-,-,-
HIS 164-A,-,-,-,5 |N36|,-,-,-,-,1 |F33|,-,1 |F32|,-,-,-,5 |N27|,-,-,-,-,-,1 |Cl32|,-,-,5 |N27|,-,-,-,-
GLY 143-A,4 |O34|,4 |O33|,4 |O32|,4 |O41|,4 |N31|,4 |O33|,4 |O34|,-,4 |O13|,4 |O13|,4 |O13|,4 |N29|,4 |O12|,4 |O30|,-,4 |O13|,4 |O22|,4 |O23|,4 |O19 O25|,4 |N32 O33|,4 |O30|,4 |O2|,4 |N30|,-,4 |O22|,-,4 |O22|,4 |O26|
LEU 27-A,-,-,-,1 |S45|,1 |C4|,-,-,1 |C15|,1 |Cl23|,-,1 |C4|,-,-,-,-,-,-,-,-,-,-,-,-,-,-,-,-,-
PRO 168-A,1 |C13|,1 |C12|,1 |F25|,1 |C33|,-,1 |S35|,1 |C26|,1 |C12|,-,-,-,-,1 |C17|,-,1 |F33|,-,-,-,-,1 |C6|,-,1 |C25 C24|,-,-,-,-,-,-
THR 25-A,-,-,-,1 |C16|,1 |C15|,-,-,1 |C18|,1 |C21|,-,1 |C5|,1 |C11|,-,-,-,-,-,-,-,-,-,-,1 |C15|,-,-,1 |C28|,-,-
THR 26-A,"5 |N31|, 4 |O35|","5 |N29|, 4 |O34|","5 |N29|, 4 |O33|",-,-,"5 |N29|, 4 |O34|","5 |N30|, 4 |O35|",-,4 |N19|,"4 |O14|, 5 |N31|","4 |O17|, 1 |F20|",-,5 |N33|,"5 |N1|, 4 |O31|",-,-,-,-,-,-,-,"5 |N3|, 4 |O3|",-,-,-,-,-,-
SER 144-A,-,-,-,-,-,-,-,-,-,-,-,-,-,-,-,-,-,-,-,-,-,-,-,-,-,-,-,-
CYS 44-A,-,-,-,-,-,-,-,-,-,-,-,-,-,-,-,1 |Cl25|,1 |Br23|,1 |Cl24|,1 |C18 C35|,1 |C22|,1 |Cl33|,-,-,-,-,"5 |N27|, 1 |C28|",-,1 |F19|
LEU 141-A,-,-,-,-,-,-,-,-,-,-,-,-,-,-,-,-,-,-,-,-,-,-,-,-,-,-,-,-
TYR 54-A,-,-,-,-,-,-,-,-,-,-,-,-,-,-,-,-,-,-,-,-,-,-,-,-,-,-,-,1 |F17|
PRO 52-A,-,-,-,-,-,-,-,-,-,-,-,-,-,-,-,-,-,-,1 |C18|,-,-,-,-,-,-,-,-,-
THR 24-A,-,-,-,-,-,-,-,-,-,-,-,-,-,-,-,-,-,-,-,-,-,-,-,-,-,-,-,-
SER 46-A,-,-,-,-,-,-,-,-,-,-,-,-,-,-,-,-,-,-,-,-,-,-,-,-,-,4 |N26|,-,-
HIS 41-B,-,-,-,-,-,-,-,-,-,-,-,-,-,-,-,-,-,-,-,-,-,-,-,-,-,-,-,-
MET 165-B,-,-,-,-,-,-,-,-,-,-,-,-,-,-,-,-,-,-,-,-,-,-,-,-,-,-,-,-
ASP 187-B,-,-,-,-,-,-,-,-,-,-,-,-,-,-,-,-,-,-,-,-,-,-,-,-,-,-,-,-
GLU 166-B,-,-,-,-,-,-,-,-,-,-,-,-,-,-,-,-,-,-,-,-,-,-,-,-,-,-,-,-
PHE 140-B,-,-,-,-,-,-,-,-,-,-,-,-,-,-,-,-,-,-,-,-,-,-,-,-,-,-,-,-
GLY 143-B,-,-,-,-,-,-,-,-,-,-,-,-,-,-,-,-,-,-,-,-,-,-,-,-,-,-,-,-
CYS 145-B,-,-,-,-,-,-,-,-,-,-,-,-,-,-,-,-,-,-,-,-,-,-,-,-,-,-,-,-
ALA 191-B,-,-,-,-,-,-,-,-,-,-,-,-,-,-,-,-,-,-,-,-,-,-,-,-,-,-,-,-
PRO 168-B,-,-,-,-,-,-,-,-,-,-,-,-,-,-,-,-,-,-,-,-,-,-,-,-,-,-,-,-
GLN 189-B,-,-,-,-,-,-,-,-,-,-,-,-,-,-,-,-,-,-,-,-,-,-,-,-,-,-,-,-
PRO 52-B,-,-,-,-,-,-,-,-,-,-,-,-,-,-,-,-,-,-,-,-,-,-,-,-,-,-,-,-
ASN 142-B,-,-,-,-,-,-,-,-,-,-,-,-,-,-,-,-,-,-,-,-,-,-,-,-,-,-,-,-
MET 49-B,-,-,-,-,-,-,-,-,-,-,-,-,-,-,-,-,-,-,-,-,-,-,-,-,-,-,-,-
