,7O46,7E19,7M8Z,7RME,7L11,7RN4,7M8P,7RLS,7L0D,7LCT,7VIC,7B2U,7VU6,7RMB,7VVT,7LMF,7M91,7M8X,7RM2,7M8Y,7RNK,6M2N,7N44,7RMZ,7L12,7QBB,7RMT,7M90,7TVX,7M8M,7B5Z,7VLQ,7B77,7KX5,7VVP,7B2J,7M8N,7E18,7X6K,7P2G,6W63,7N8C,7NT3,7LMD,8ACD,7AU4,7S4B,7M8O,7RNH,7VLP,7VTH,7L10,7L14
ASP 187-A,1 |CB|,1 |CB|,1 |CB|,1 |CB|,1 |CB|,1 |CB|,1 |CB|,1 |CB|,1 |CB|,1 |CB|,-,1 |CB|,1 |CB|,1 |CB|,1 |CB|,1 |CB|,1 |CB|,1 |CB|,1 |CB|,1 |CB|,1 |CB|,-,1 |CB|,1 |CB|,1 |CB|,-,1 |CB|,1 |CB|,1 |CB|,1 |CB|,-,1 |CB|,-,1 |CB|,-,1 |CB|,1 |CB|,1 |CB|,1 |CB CB|,-,1 |CB|,1 |CB|,-,1 |CB|,1 |CB CB|,1 |CB|,1 |CB|,1 |CB|,-,1 |CB|,1 |CB|,1 |CB|,1 |CB|
GLN 189-A,1 |CB|,-,1 |CG CG|,-,1 |CB CG CG|,1 |CG CG|,1 |CG CG|,1 |CG CG|,1 |CB|,1 |CG|,-,1 |CB|,1 |CB|,1 |CG CG|,1 |CG CG|,-,-,-,1 |CG CG|,1 |CB CG|,1 |CG CG CG|,-,1 |CG CB|,1 |CG|,1 |CB CB CG|,1 |CB|,1 |CG|,1 |CG|,-,-,1 |CB|,1 |CB|,-,1 |CG CB|,-,1 |CB|,1 |CB CG CG|,"1 |CG|, 5 |OE1|",-,-,1 |CB CG|,1 |CG CG CG|,-,-,-,1 |CB|,1 |CB|,1 |CG|,-,1 |CB|,1 |CB|,-,1 |CG CG|
CYS 145-A,1 |SG|,"1 |SG SG|, 4 |N|",1 |SG SG|,1 |SG SG|,"1 |SG SG|, 4 |N|",1 |SG SG|,1 |SG SG SG|,1 |SG SG SG|,1 |SG|,"1 |SG|, 4 |N|",1 |SG|,1 |SG|,"4 |N|, 1 |SG SG|",1 |SG SG SG|,1 |SG|,1 |SG|,1 |SG SG SG|,"1 |SG SG|, 4 |N|",1 |SG SG SG|,1 |SG SG|,1 |SG SG SG|,1 |SG SG|,1 |SG SG|,1 |SG SG SG|,1 |SG SG SG|,1 |SG|,1 |SG SG SG|,1 |SG SG SG|,1 |SG|,1 |SG SG|,1 |SG|,-,1 |SG|,1 |SG|,-,1 |SG|,1 |SG SG SG|,"1 |SG SG|, 4 |N|",1 |SG|,1 |SG SG|,1 |SG SG|,1 |SG SG SG|,-,1 |SG|,1 |SG SG|,1 |SG|,-,1 |SG SG|,1 |SG SG|,-,"1 |SG SG SG|, 4 |N|","1 |SG SG|, 4 |N|","1 |SG SG|, 4 |N|"
ASN 142-A,"4 |ND2|, 1 |CB|",-,-,-,1 |CB|,5 |OD1|,1 |CB|,-,1 |CB|,-,1 |CB|,1 |CB|,-,-,-,1 |CB|,-,-,-,1 |CB|,-,-,1 |CB|,-,1 |CB|,"4 |ND2|, 1 |CB|",-,-,-,1 |CB|,1 |CB|,-,1 |CB|,-,-,1 |CB|,-,-,-,1 |CB|,4 |ND2|,-,-,1 |CB|,-,-,1 |CB|,1 |CB|,5 |OD1|,-,-,-,-
GLU 166-A,"4 |N|, 1 |CB|","1 |CG CB|, 5 |O|, 4 |N|","4 |N|, 1 |CB CB|",5 |OE1|,"4 |N|, 1 |CB|",5 |OE1|,"4 |N|, 1 |CB|",5 |OE1|,"1 |CB|, 4 |N|","4 |N|, 1 |CB|",4 |N|,"1 |CB|, 4 |N|","1 |CB|, 4 |N|",5 |OE1|,-,"4 |N|, 1 |CB CB|","1 |CB CB|, 4 |N|","4 |N|, 1 |CB|",5 |OE1|,"4 |N|, 1 |CB|",5 |OE1|,4 |N|,"4 |N|, 1 |CB|",5 |OE1|,"4 |N|, 1 |CB|","4 |N|, 1 |CB|",5 |OE1|,"4 |N|, 1 |CB|",1 |CB CB|,"1 |CB|, 4 |N|","1 |CB CB|, 4 |N|","1 |CB CB|, 5 |OE2 O|, 4 |N|","1 |CB CB|, 4 |N|","4 |N|, 1 |CB|",-,"1 |CB CB|, 4 |N|","1 |CB CB|, 4 |N|","5 |O|, 4 |N|",-,"5 |OE1|, 4 |N|","4 |N|, 1 |CB|",-,-,"4 |N|, 1 |CB CB|","4 |N|, 5 |OE1|",4 |N|,"4 |N|, 1 |CB|","1 |CB|, 4 |N|",5 |OE1|,"1 |CB CB|, 5 |OE2 O|, 4 |N|",4 |N|,4 |N|,"1 |CB|, 4 |N|"
MET 165-A,1 |CG|,1 |CB CE|,1 |SD SD CB CB|,1 |SD|,1 |SD SD SD CG|,1 |CB SD|,1 |SD SD CB CB|,1 |CB SD|,1 |CG|,1 |CE|,1 |CG CB|,1 |SD CB|,1 |SD CB CB|,1 |CB SD|,1 |SD|,1 |CB|,1 |CG SD SD CB CB CE SD|,1 |SD SD CG|,1 |CB CB SD|,1 |SD CB|,1 |CB SD|,-,1 |SD CG SD CG|,1 |CB SD|,1 |SD CG|,-,1 |CB CB SD|,1 |SD CG SD|,1 |CB|,1 |SD SD SD CB|,1 |SD|,1 |CE CG CE|,-,1 |CB CE|,-,1 |SD|,1 |SD SD CB CB CB|,1 |CE CE|,1 |CB SD CB|,1 |CE CB|,1 |CB|,1 |CB SD|,-,1 |CB|,1 |CB CB CE|,1 |SD CB|,1 |CE CB CB|,1 |CE CE CB|,1 |CB|,1 |CB CB CE|,1 |SD CE CB|,1 |SD SD CG CG SD|,1 |SD SD CG|
HIS  41-A,1 |CB|,1 |CB CB|,1 |CB|,1 |CB CB CB|,1 |CB|,"1 |CB CB|, 2 |DuAr DuAr|",1 |CB|,"1 |CB CB CB|, 2 |DuAr DuAr|",1 |CB|,1 |CB|,-,1 |CB|,"2 |DuAr DuAr|, 1 |CB|","1 |CB CB|, 2 |DuAr DuAr|",1 |CB|,-,1 |CB|,1 |CB|,"1 |CB CB|, 2 |DuAr DuAr|",1 |CB|,1 |CB|,1 |CB|,1 |CB|,"2 |DuAr DuAr|, 1 |CB|",1 |CB|,1 |CB|,"2 |DuAr DuAr|, 1 |CB|",1 |CB|,1 |CB|,1 |CB|,1 |CB|,1 |CB|,-,1 |CB|,-,1 |CB CB|,1 |CB|,1 |CB|,1 |CB|,1 |CB|,1 |CB|,"1 |CB CB|, 2 |DuAr DuAr|",-,-,"1 |CB CB|, 2 |DuAr DuAr|",-,-,1 |CB|,"2 |DuAr DuAr|, 1 |CB|",1 |CB|,"2 |DuAr DuAr|, 1 |CB|",1 |CB|,1 |CB|
MET  49-A,1 |SD|,1 |CE CG SD|,1 |CE|,1 |CE CG CG|,1 |CE CE|,1 |SD|,1 |CE SD SD CE|,1 |CG|,1 |SD CB|,1 |SD|,1 |CE|,1 |SD|,1 |CE CE|,1 |CG CG|,1 |SD|,1 |CE CG CE CG|,1 |CE CE CE|,1 |CE SD CE CE|,1 |CG|,1 |SD CE CG|,1 |CG|,1 |CE SD|,1 |SD CE SD SD|,1 |CG|,1 |SD CE CE SD|,1 |CG SD CB|,1 |SD|,-,1 |CG|,1 |CE CE|,1 |CE|,1 |SD|,1 |SD|,1 |CB CB CG|,-,1 |SD|,1 |CE CE CE|,1 |CE SD CE CE CE|,-,1 |SD SD|,1 |SD CB CG|,1 |CE CG|,-,1 |CE CE SD CG CG|,1 |CE|,1 |CE|,1 |CE CE|,1 |CE|,1 |CG CG|,1 |CG SD|,-,1 |CE|,1 |CE|
PHE 140-A,-,5 |O|,-,-,-,-,-,-,-,-,-,-,-,-,-,-,-,-,-,-,-,-,-,-,-,-,-,-,-,-,-,5 |O|,-,-,-,-,-,5 |O|,-,-,-,-,-,-,-,-,-,-,-,5 |O|,-,-,-
LEU 167-A,-,1 |CD2|,1 |CD2|,-,1 |CD2|,-,1 |CD2|,-,-,-,-,-,-,-,-,-,1 |CD2|,1 |CD2|,-,1 |CD2|,-,-,1 |CD2|,-,1 |CD2|,-,-,-,-,1 |CD2|,-,1 |CD2|,-,-,-,-,1 |CD2|,-,-,-,-,-,-,-,-,-,-,-,-,1 |CD2|,-,-,1 |CD2|
GLN 192-A,-,1 |CG|,1 |CG|,-,1 |CG|,-,1 |CG CG|,-,-,-,-,-,-,-,-,-,1 |CG CB|,1 |CB|,-,-,-,-,-,-,-,-,-,"5 |O|, 4 |N|",-,1 |CB|,-,1 |CG|,-,-,-,-,1 |CG CG|,-,-,-,-,-,-,-,-,-,-,-,-,1 |CB|,-,-,1 |CB|
ALA 191-A,-,1 |CB|,-,-,-,-,-,-,-,1 |CB|,-,-,-,-,-,-,-,-,-,-,-,-,-,-,-,-,-,-,-,-,-,-,-,-,-,-,-,1 |CB|,-,-,-,-,-,-,-,-,-,-,-,-,-,-,-
HIS 164-A,-,5 |O|,-,-,-,-,-,-,-,5 |O|,-,-,1 |CB|,-,-,-,-,-,-,-,-,-,-,-,-,-,-,-,5 |O|,-,-,5 |O|,-,-,-,-,-,-,1 |CB|,-,-,-,-,-,1 |CB|,-,1 |CB|,-,-,5 |O|,1 |CB|,-,-
GLY 143-A,-,4 |N|,4 |N|,4 |N|,4 |N|,4 |N|,4 |N|,4 |N|,4 |N N|,4 |N|,-,4 |N|,4 |N|,4 |N|,4 |N|,-,4 |N|,4 |N|,4 |N|,4 |N|,4 |N|,4 |N N|,4 |N|,4 |N|,4 |N|,-,4 |N|,4 |N|,-,4 |N|,-,-,-,4 |N N|,-,-,4 |N|,-,-,-,4 |N N|,4 |N|,-,-,4 |N|,4 |N|,-,4 |N|,4 |N|,-,4 |N|,4 |N|,4 |N|
LEU  27-A,-,1 |CD2|,-,-,1 |CD2|,-,-,-,-,-,-,-,1 |CD2|,-,-,-,-,-,-,-,-,-,-,-,-,-,-,-,-,-,-,-,-,-,-,-,-,1 |CD2|,-,-,-,-,-,-,-,-,-,-,-,-,1 |CD2|,-,-
PRO 168-A,-,1 |CG|,-,-,-,-,1 |CG|,-,-,1 |CG|,-,-,-,-,-,-,1 |CG|,-,-,1 |CG|,-,-,1 |CG|,-,1 |CG|,-,-,-,-,-,-,-,-,-,-,-,1 |CG|,1 |CG|,-,-,1 |CG|,-,-,-,-,-,-,1 |CG CG|,-,1 |CG|,-,-,-
THR  25-A,-,1 |CG2|,-,-,1 |CG2|,-,-,-,-,-,-,-,1 |CG2|,-,-,1 |CG2|,-,1 |CG2|,-,-,-,-,-,-,-,-,-,-,1 |CG2|,-,-,-,-,-,-,-,-,1 |CG2|,-,-,-,-,-,1 |CG2|,-,-,-,-,-,-,1 |CG2|,1 |CG2|,1 |CG2|
THR  26-A,-,-,"4 |N|, 5 |O|",-,-,-,"5 |O|, 4 |N|",-,-,-,-,-,4 |N|,-,-,-,"5 |O|, 4 |N|",-,-,5 |O|,-,-,"5 |O|, 4 |N|",-,"5 |O|, 4 |N|",-,-,-,-,"5 |O|, 4 |N|",-,-,-,-,-,-,"5 |O|, 4 |N|",-,-,-,-,-,-,-,-,-,-,"5 |O|, 4 |N|",-,-,"4 |N|, 1 |CG2|",-,-
SER 144-A,-,-,-,4 |N|,-,-,-,-,-,-,-,-,-,-,-,-,-,-,-,-,-,-,-,-,-,-,-,-,-,-,-,-,-,-,-,-,-,-,-,-,-,-,-,-,-,-,-,-,-,-,-,-,-
CYS  44-A,-,-,-,1 |SG|,-,-,-,1 |CB|,1 |CB|,-,-,-,-,1 |SG|,1 |CB SG|,"1 |CB|, 5 |O|",-,-,1 |CB|,-,-,1 |CB SG|,-,1 |SG|,-,1 |SG CB|,-,-,1 |SG|,-,-,-,-,1 |SG CB|,-,-,-,-,-,-,1 |CB|,-,-,"5 |O|, 1 |CB|",1 |SG|,-,-,-,-,-,-,-,-
LEU 141-A,-,-,-,-,-,-,-,-,-,-,-,1 |CB|,-,-,-,-,-,-,-,-,-,-,-,-,-,-,-,-,-,-,-,-,-,-,-,-,-,-,-,-,-,-,-,-,-,-,-,-,-,-,-,-,-
TYR  54-A,-,-,-,-,-,-,-,-,-,-,-,-,-,-,-,-,-,-,-,-,-,-,-,1 |CZ|,-,-,-,-,-,-,-,-,-,-,-,-,-,-,-,-,-,-,-,-,-,-,-,-,-,-,-,-,-
PRO  52-A,-,-,-,-,-,-,-,-,-,-,-,-,-,-,-,-,-,-,-,-,-,-,-,-,-,1 |CG|,-,-,-,-,-,-,-,1 |CG|,-,-,-,-,-,-,-,-,-,-,-,-,-,-,-,-,-,-,-
THR  24-A,-,-,-,-,-,-,-,-,-,-,-,-,-,-,-,-,-,-,-,-,-,-,-,-,-,-,-,-,1 |CB|,-,-,-,-,-,-,-,-,-,-,-,-,-,-,-,-,-,-,-,-,-,-,-,-
SER  46-A,-,-,-,-,-,-,-,-,-,-,-,-,-,-,-,-,-,-,-,-,-,-,-,-,-,-,-,-,1 |CB|,-,-,-,-,-,-,-,-,-,-,-,-,-,-,4 |OG|,-,-,-,-,-,-,-,-,-
HIS  41-B,-,-,-,-,-,-,-,-,-,-,-,-,-,-,-,-,-,-,-,-,-,-,-,-,-,-,-,-,-,-,-,-,-,-,1 |CB|,-,-,-,-,-,-,-,"1 |CB CB|, 2 |DuAr DuAr|",-,-,-,-,-,-,-,-,-,-
MET 165-B,-,-,-,-,-,-,-,-,-,-,-,-,-,-,-,-,-,-,-,-,-,-,-,-,-,-,-,-,-,-,-,-,-,-,1 |CB|,-,-,-,-,-,-,-,-,-,-,-,-,-,-,-,-,-,-
ASP 187-B,-,-,-,-,-,-,-,-,-,-,-,-,-,-,-,-,-,-,-,-,-,-,-,-,-,-,-,-,-,-,-,-,-,-,1 |CB|,-,-,-,-,-,-,-,-,-,-,-,-,-,-,-,-,-,-
GLU 166-B,-,-,-,-,-,-,-,-,-,-,-,-,-,-,-,-,-,-,-,-,-,-,-,-,-,-,-,-,-,-,-,-,-,-,"5 |O OE2|, 4 |N|",-,-,-,-,-,-,-,1 |CG CB|,-,-,-,-,-,-,-,-,-,-
PHE 140-B,-,-,-,-,-,-,-,-,-,-,-,-,-,-,-,-,-,-,-,-,-,-,-,-,-,-,-,-,-,-,-,-,-,-,5 |O|,-,-,-,-,-,-,-,-,-,-,-,-,-,-,-,-,-,-
GLY 143-B,-,-,-,-,-,-,-,-,-,-,-,-,-,-,-,-,-,-,-,-,-,-,-,-,-,-,-,-,-,-,-,-,-,-,4 |N N|,-,-,-,-,-,-,-,-,-,-,-,-,-,-,-,-,-,-
CYS 145-B,-,-,-,-,-,-,-,-,-,-,-,-,-,-,-,-,-,-,-,-,-,-,-,-,-,-,-,-,-,-,-,-,-,-,4 |N|,-,-,-,-,-,-,-,-,-,-,-,-,-,-,-,-,-,-
ALA 191-B,-,-,-,-,-,-,-,-,-,-,-,-,-,-,-,-,-,-,-,-,-,-,-,-,-,-,-,-,-,-,-,-,-,-,1 |CB|,-,-,-,-,-,-,-,-,-,-,-,-,-,-,-,-,-,-
PRO 168-B,-,-,-,-,-,-,-,-,-,-,-,-,-,-,-,-,-,-,-,-,-,-,-,-,-,-,-,-,-,-,-,-,-,-,1 |CB|,-,-,-,-,-,-,-,-,-,-,-,-,-,-,-,-,-,-
GLN 189-B,-,-,-,-,-,-,-,-,-,-,-,-,-,-,-,-,-,-,-,-,-,-,-,-,-,-,-,-,-,-,-,-,-,-,1 |CG|,-,-,-,-,-,-,-,1 |CG CG|,-,-,-,-,-,-,-,-,-,-
PRO  52-B,-,-,-,-,-,-,-,-,-,-,-,-,-,-,-,-,-,-,-,-,-,-,-,-,-,-,-,-,-,-,-,-,-,-,-,-,-,-,-,-,-,-,1 |CG|,-,-,-,-,-,-,-,-,-,-
ASN 142-B,-,-,-,-,-,-,-,-,-,-,-,-,-,-,-,-,-,-,-,-,-,-,-,-,-,-,-,-,-,-,-,-,-,-,-,-,-,-,-,-,-,-,1 |CB|,-,-,-,-,-,-,-,-,-,-
MET  49-B,-,-,-,-,-,-,-,-,-,-,-,-,-,-,-,-,-,-,-,-,-,-,-,-,-,-,-,-,-,-,-,-,-,-,-,-,-,-,-,-,-,-,1 |SD|,-,-,-,-,-,-,-,-,-,-
